{"$schema":"http://schema.management.azure.com/schemas/2015-01-01/deploymentTemplate.json#","contentVersion":"1.0.0.0","parameters":{"factoryName":{"type":"string","metadata":"Data Factory name"},"AzureSql":{"type":"string"},"AzureStorageLinkedService":{"type":"string"}},"variables":{"factoryId":"[concat('Microsoft.DataFactory/factories/', parameters('factoryName'))]"},"resources":[{"name":"[concat(parameters('factoryName'), '/pipeline_ImportData')]","type":"Microsoft.DataFactory/factories/pipelines","apiVersion":"2018-06-01","properties":{"activities":[{"name":"Copy data1","type":"Copy","dependsOn":[],"policy":{"timeout":"0.12:00:00","retry":0,"retryIntervalInSeconds":30,"secureOutput":false,"secureInput":false},"userProperties":[],"typeProperties":{"source":{"type":"DelimitedTextSource","storeSettings":{"type":"AzureBlobStorageReadSettings","recursive":true,"enablePartitionDiscovery":false},"formatSettings":{"type":"DelimitedTextReadSettings"}},"sink":{"type":"AzureSqlSink","writeBehavior":"insert","sqlWriterUseTableLock":false,"disableMetricsCollection":false},"enableStaging":false,"translator":{"type":"TabularTranslator","mappings":[{"source":{"name":"ProductID","type":"String","physicalType":"String"},"sink":{"name":"ProductID","type":"Int32","physicalType":"int"}},{"source":{"name":"Name","type":"String","physicalType":"String"},"sink":{"name":"Name","type":"String","physicalType":"nvarchar"}},{"source":{"name":"ProductNumber","type":"String","physicalType":"String"},"sink":{"name":"ProductNumber","type":"String","physicalType":"nvarchar"}},{"source":{"name":"Color","type":"String","physicalType":"String"},"sink":{"name":"Color","type":"String","physicalType":"nvarchar"}},{"source":{"name":"StandardCost","type":"String","physicalType":"String"},"sink":{"name":"StandardCost","type":"Decimal","physicalType":"money","scale":4,"precision":19}},{"source":{"name":"ListPrice","type":"String","physicalType":"String"},"sink":{"name":"ListPrice","type":"Decimal","physicalType":"money","scale":4,"precision":19}},{"source":{"name":"Size","type":"String","physicalType":"String"},"sink":{"name":"Size","type":"String","physicalType":"nvarchar"}},{"source":{"name":"Weight","type":"String","physicalType":"String"},"sink":{"name":"Weight","type":"Decimal","physicalType":"decimal","scale":2,"precision":8}},{"source":{"name":"ProductCategoryID","type":"String","physicalType":"String"},"sink":{"name":"ProductCategoryID","type":"Int32","physicalType":"int"}},{"source":{"name":"ProductModelID","type":"String","physicalType":"String"},"sink":{"name":"ProductModelID","type":"Int32","physicalType":"int"}},{"source":{"name":"SellStartDate","type":"String","physicalType":"String"},"sink":{"name":"SellStartDate","type":"DateTime","physicalType":"datetime"}},{"source":{"name":"SellEndDate","type":"String","physicalType":"String"},"sink":{"name":"SellEndDate","type":"DateTime","physicalType":"datetime"}},{"source":{"name":"DiscontinuedDate","type":"String","physicalType":"String"},"sink":{"name":"DiscontinuedDate","type":"DateTime","physicalType":"datetime"}},{"source":{"name":"ThumbNailPhoto","type":"String","physicalType":"String"},"sink":{"name":"ThumbNailPhoto","type":"Byte[]","physicalType":"varbinary"}},{"source":{"name":"ThumbnailPhotoFileName","type":"String","physicalType":"String"},"sink":{"name":"ThumbnailPhotoFileName","type":"String","physicalType":"nvarchar"}},{"source":{"name":"rowguid","type":"String","physicalType":"String"},"sink":{"name":"rowguid","type":"Guid","physicalType":"uniqueidentifier"}}],"typeConversion":true,"typeConversionSettings":{"allowDataTruncation":true,"treatBooleanAsNumber":false}}},"inputs":[{"referenceName":"ProductsCSV","type":"DatasetReference","parameters":{}}],"outputs":[{"referenceName":"ProductStaging","type":"DatasetReference","parameters":{}}]},{"name":"Validate Import Rows","type":"SqlServerStoredProcedure","dependsOn":[{"activity":"Copy data1","dependencyConditions":["Succeeded"]}],"policy":{"timeout":"0.12:00:00","retry":0,"retryIntervalInSeconds":30,"secureOutput":false,"secureInput":false},"userProperties":[],"typeProperties":{"storedProcedureName":"[[SalesLT].[usp_CheckProductStaging]"},"linkedServiceName":{"referenceName":"[parameters('AzureSql')]","type":"LinkedServiceReference"}},{"name":"Send Failure Notification","type":"WebActivity","dependsOn":[{"activity":"Validate Import Rows","dependencyConditions":["Failed"]}],"policy":{"timeout":"0.12:00:00","retry":0,"retryIntervalInSeconds":30,"secureOutput":false,"secureInput":false},"userProperties":[],"typeProperties":{"url":"https://prod-12.eastus.logic.azure.com:443/workflows/5770b304eccf4c3f99450802b8ea4be1/triggers/manual/paths/invoke?api-version=2016-10-01&sp=%2Ftriggers%2Fmanual%2Frun&sv=1.0&sig=vZMcYWoqIoZYl_9AOSOWubhYYifzrJKoiZIOXg_htLk","method":"POST","headers":{"Content-Type":"application/json"},"body":{"DataFactoryName":"@{pipeline().DataFactory}","PipelineName":"@{pipeline().Pipeline}","ErrorMessage":"@{activity('Validate Import Rows').error.message}","EmailTo":"@{pipeline().parameters.EmailTo}"}}},{"name":"Send Success Notification","description":"","type":"WebActivity","dependsOn":[{"activity":"Validate Import Rows","dependencyConditions":["Succeeded"]}],"policy":{"timeout":"0.12:00:00","retry":0,"retryIntervalInSeconds":30,"secureOutput":false,"secureInput":false},"userProperties":[],"typeProperties":{"url":"https://prod-12.eastus.logic.azure.com:443/workflows/5770b304eccf4c3f99450802b8ea4be1/triggers/manual/paths/invoke?api-version=2016-10-01&sp=%2Ftriggers%2Fmanual%2Frun&sv=1.0&sig=vZMcYWoqIoZYl_9AOSOWubhYYifzrJKoiZIOXg_htLk","method":"POST","headers":{"Content-Type":"application/json"},"body":{"DataFactoryName":"@{pipeline().DataFactory}","PipelineName":"@{pipeline().Pipeline}","PipelineStatus":"Completed Successfully","EmailTo":"@{pipeline().parameters.EmailTo}"}}}],"policy":{"elapsedTimeMetric":{}},"parameters":{"EmailTo":{"type":"string","defaultValue":"bruce_pham@hotmail.com"}},"annotations":[]},"dependsOn":["[concat(variables('factoryId'), '/datasets/ProductsCSV')]","[concat(variables('factoryId'), '/datasets/ProductStaging')]"]},{"name":"[concat(parameters('factoryName'), '/ProductsCSV')]","type":"Microsoft.DataFactory/factories/datasets","apiVersion":"2018-06-01","properties":{"linkedServiceName":{"referenceName":"[parameters('AzureStorageLinkedService')]","type":"LinkedServiceReference"},"annotations":[],"type":"DelimitedText","typeProperties":{"location":{"type":"AzureBlobStorageLocation","fileName":"Products.csv","container":"m03-l02-lab01"},"columnDelimiter":",","escapeChar":"\\","firstRowAsHeader":true,"quoteChar":"\""},"schema":[{"name":"ProductID","type":"String"},{"name":"Name","type":"String"},{"name":"ProductNumber","type":"String"},{"name":"Color","type":"String"},{"name":"StandardCost","type":"String"},{"name":"ListPrice","type":"String"},{"name":"Size","type":"String"},{"name":"Weight","type":"String"},{"name":"ProductCategoryID","type":"String"},{"name":"ProductModelID","type":"String"},{"name":"SellStartDate","type":"String"},{"name":"SellEndDate","type":"String"},{"name":"DiscontinuedDate","type":"String"},{"name":"ThumbNailPhoto","type":"String"},{"name":"ThumbnailPhotoFileName","type":"String"},{"name":"rowguid","type":"String"},{"name":"(No column name)","type":"String"}]},"dependsOn":[]},{"name":"[concat(parameters('factoryName'), '/ProductStaging')]","type":"Microsoft.DataFactory/factories/datasets","apiVersion":"2018-06-01","properties":{"linkedServiceName":{"referenceName":"[parameters('AzureSql')]","type":"LinkedServiceReference"},"annotations":[],"type":"AzureSqlTable","schema":[{"name":"StagingID","type":"int","precision":10},{"name":"ProductID","type":"int","precision":10},{"name":"Name","type":"nvarchar"},{"name":"ProductNumber","type":"nvarchar"},{"name":"Color","type":"nvarchar"},{"name":"StandardCost","type":"money","precision":19,"scale":4},{"name":"ListPrice","type":"money","precision":19,"scale":4},{"name":"Size","type":"nvarchar"},{"name":"Weight","type":"decimal","precision":8,"scale":2},{"name":"ProductCategoryID","type":"int","precision":10},{"name":"ProductModelID","type":"int","precision":10},{"name":"SellStartDate","type":"datetime","precision":23,"scale":3},{"name":"SellEndDate","type":"datetime","precision":23,"scale":3},{"name":"DiscontinuedDate","type":"datetime","precision":23,"scale":3},{"name":"ThumbNailPhoto","type":"varbinary"},{"name":"ThumbnailPhotoFileName","type":"nvarchar"},{"name":"rowguid","type":"uniqueidentifier"}],"typeProperties":{"schema":"SalesLT","table":"ProductStaging"}},"dependsOn":[]}]}